parking_id,month,receita_prevista,dias
653,2025-01,3538.5350627512153,11
700,2025-01,21277.497323657448,11
765,2025-01,4934.763128179883,11
