parking_id,month,receita_prevista,dias
653,2025-01,1579.1121404357382,11
700,2025-01,21024.11172953611,11
765,2025-01,3481.6373380678538,11
